<?xml version="1.0" encoding="UTF-8"?>
<project-private xmlns="http://www.netbeans.org/ns/project-private/1">
    <editor-bookmarks xmlns="http://www.netbeans.org/ns/editor-bookmarks/2" lastBookmarkId="0"/>
    <open-files xmlns="http://www.netbeans.org/ns/projectui-open-files/2">
        <group>
            <file>file:/C:/Users/User/OneDrive/Documents/NetBeansProjects/STEGANOgrphy/src/Audio_Steganography/Decode_Audio.java</file>
            <file>file:/C:/Users/User/OneDrive/Documents/NetBeansProjects/STEGANOgrphy/src/Coding/LoginForm.java</file>
            <file>file:/C:/Users/User/OneDrive/Documents/NetBeansProjects/STEGANOgrphy/src/TextSteganography/Text_Encryption.java</file>
            <file>file:/C:/Users/User/OneDrive/Documents/NetBeansProjects/STEGANOgrphy/src/Audio_Steganography/Encode_Audio.java</file>
            <file>file:/C:/Users/User/OneDrive/Documents/NetBeansProjects/STEGANOgrphy/src/Coding/SplashScreenFrame.java</file>
            <file>file:/C:/Users/User/OneDrive/Documents/NetBeansProjects/STEGANOgrphy/src/Coding/HomePage.java</file>
            <file>file:/C:/Users/User/OneDrive/Documents/NetBeansProjects/STEGANOgrphy/src/Coding/Main.java</file>
            <file>file:/C:/Users/User/OneDrive/Documents/NetBeansProjects/STEGANOgrphy/src/Coding/SendEmail.java</file>
            <file>file:/C:/Users/User/OneDrive/Documents/NetBeansProjects/STEGANOgrphy/src/TextSteganography/Text_Decryption.java</file>
        </group>
    </open-files>
</project-private>
